Domain Code,Domain,Area Code (M49),Area,Element Code,Element,Item Code (FBS),Item,Year Code,Year,Unit,Value,Flag,Flag Description
"FBS","Food Balances (2010-)","004","Afghanistan","645","Food supply quantity (kg/capita/yr)","S2960","Fish, Seafood","2021","2021","kg","0.35","E","Estimated value"
"FBS","Food Balances (2010-)","008","Albania","645","Food supply quantity (kg/capita/yr)","S2960","Fish, Seafood","2021","2021","kg","8.47","E","Estimated value"
"FBS","Food Balances (2010-)","012","Algeria","645","Food supply quantity (kg/capita/yr)","S2960","Fish, Seafood","2021","2021","kg","3.76","E","Estimated value"
"FBS","Food Balances (2010-)","024","Angola","645","Food supply quantity (kg/capita/yr)","S2960","Fish, Seafood","2021","2021","kg","13.28","E","Estimated value"
"FBS","Food Balances (2010-)","028","Antigua and Barbuda","645","Food supply quantity (kg/capita/yr)","S2960","Fish, Seafood","2021","2021","kg","54.58","E","Estimated value"
"FBS","Food Balances (2010-)","032","Argentina","645","Food supply quantity (kg/capita/yr)","S2960","Fish, Seafood","2021","2021","kg","6.77","E","Estimated value"
"FBS","Food Balances (2010-)","051","Armenia","645","Food supply quantity (kg/capita/yr)","S2960","Fish, Seafood","2021","2021","kg","5.72","E","Estimated value"
"FBS","Food Balances (2010-)","036","Australia","645","Food supply quantity (kg/capita/yr)","S2960","Fish, Seafood","2021","2021","kg","24.28","E","Estimated value"
"FBS","Food Balances (2010-)","040","Austria","645","Food supply quantity (kg/capita/yr)","S2960","Fish, Seafood","2021","2021","kg","14.43","E","Estimated value"
"FBS","Food Balances (2010-)","031","Azerbaijan","645","Food supply quantity (kg/capita/yr)","S2960","Fish, Seafood","2021","2021","kg","2.01","E","Estimated value"
"FBS","Food Balances (2010-)","044","Bahamas","645","Food supply quantity (kg/capita/yr)","S2960","Fish, Seafood","2021","2021","kg","27.11","E","Estimated value"
"FBS","Food Balances (2010-)","048","Bahrain","645","Food supply quantity (kg/capita/yr)","S2960","Fish, Seafood","2021","2021","kg","21.2","E","Estimated value"
"FBS","Food Balances (2010-)","050","Bangladesh","645","Food supply quantity (kg/capita/yr)","S2960","Fish, Seafood","2021","2021","kg","25.98","E","Estimated value"
"FBS","Food Balances (2010-)","052","Barbados","645","Food supply quantity (kg/capita/yr)","S2960","Fish, Seafood","2021","2021","kg","42.46","E","Estimated value"
"FBS","Food Balances (2010-)","112","Belarus","645","Food supply quantity (kg/capita/yr)","S2960","Fish, Seafood","2021","2021","kg","11.86","E","Estimated value"
"FBS","Food Balances (2010-)","056","Belgium","645","Food supply quantity (kg/capita/yr)","S2960","Fish, Seafood","2021","2021","kg","24.14","E","Estimated value"
"FBS","Food Balances (2010-)","084","Belize","645","Food supply quantity (kg/capita/yr)","S2960","Fish, Seafood","2021","2021","kg","17.41","E","Estimated value"
"FBS","Food Balances (2010-)","204","Benin","645","Food supply quantity (kg/capita/yr)","S2960","Fish, Seafood","2021","2021","kg","15.68","E","Estimated value"
"FBS","Food Balances (2010-)","064","Bhutan","645","Food supply quantity (kg/capita/yr)","S2960","Fish, Seafood","2021","2021","kg","6.3","E","Estimated value"
"FBS","Food Balances (2010-)","068","Bolivia (Plurinational State of)","645","Food supply quantity (kg/capita/yr)","S2960","Fish, Seafood","2021","2021","kg","2.7","E","Estimated value"
"FBS","Food Balances (2010-)","070","Bosnia and Herzegovina","645","Food supply quantity (kg/capita/yr)","S2960","Fish, Seafood","2021","2021","kg","7.41","E","Estimated value"
"FBS","Food Balances (2010-)","072","Botswana","645","Food supply quantity (kg/capita/yr)","S2960","Fish, Seafood","2021","2021","kg","2.35","E","Estimated value"
"FBS","Food Balances (2010-)","076","Brazil","645","Food supply quantity (kg/capita/yr)","S2960","Fish, Seafood","2021","2021","kg","8.03","E","Estimated value"
"FBS","Food Balances (2010-)","100","Bulgaria","645","Food supply quantity (kg/capita/yr)","S2960","Fish, Seafood","2021","2021","kg","7.2","E","Estimated value"
"FBS","Food Balances (2010-)","854","Burkina Faso","645","Food supply quantity (kg/capita/yr)","S2960","Fish, Seafood","2021","2021","kg","8.44","E","Estimated value"
"FBS","Food Balances (2010-)","108","Burundi","645","Food supply quantity (kg/capita/yr)","S2960","Fish, Seafood","2021","2021","kg","2.46","E","Estimated value"
"FBS","Food Balances (2010-)","132","Cabo Verde","645","Food supply quantity (kg/capita/yr)","S2960","Fish, Seafood","2021","2021","kg","9.48","E","Estimated value"
"FBS","Food Balances (2010-)","116","Cambodia","645","Food supply quantity (kg/capita/yr)","S2960","Fish, Seafood","2021","2021","kg","43.88","E","Estimated value"
"FBS","Food Balances (2010-)","120","Cameroon","645","Food supply quantity (kg/capita/yr)","S2960","Fish, Seafood","2021","2021","kg","18.28","E","Estimated value"
"FBS","Food Balances (2010-)","124","Canada","645","Food supply quantity (kg/capita/yr)","S2960","Fish, Seafood","2021","2021","kg","20.52","E","Estimated value"
"FBS","Food Balances (2010-)","140","Central African Republic","645","Food supply quantity (kg/capita/yr)","S2960","Fish, Seafood","2021","2021","kg","6.44","E","Estimated value"
"FBS","Food Balances (2010-)","148","Chad","645","Food supply quantity (kg/capita/yr)","S2960","Fish, Seafood","2021","2021","kg","6.31","E","Estimated value"
"FBS","Food Balances (2010-)","152","Chile","645","Food supply quantity (kg/capita/yr)","S2960","Fish, Seafood","2021","2021","kg","14.48","E","Estimated value"
"FBS","Food Balances (2010-)","159","China","645","Food supply quantity (kg/capita/yr)","S2960","Fish, Seafood","2021","2021","kg","39.87","E","Estimated value"
"FBS","Food Balances (2010-)","344","China, Hong Kong SAR","645","Food supply quantity (kg/capita/yr)","S2960","Fish, Seafood","2021","2021","kg","65.84","E","Estimated value"
"FBS","Food Balances (2010-)","446","China, Macao SAR","645","Food supply quantity (kg/capita/yr)","S2960","Fish, Seafood","2021","2021","kg","69.21","E","Estimated value"
"FBS","Food Balances (2010-)","156","China, mainland","645","Food supply quantity (kg/capita/yr)","S2960","Fish, Seafood","2021","2021","kg","39.89","E","Estimated value"
"FBS","Food Balances (2010-)","158","China, Taiwan Province of","645","Food supply quantity (kg/capita/yr)","S2960","Fish, Seafood","2021","2021","kg","29.71","E","Estimated value"
"FBS","Food Balances (2010-)","170","Colombia","645","Food supply quantity (kg/capita/yr)","S2960","Fish, Seafood","2021","2021","kg","8.78","E","Estimated value"
"FBS","Food Balances (2010-)","174","Comoros","645","Food supply quantity (kg/capita/yr)","S2960","Fish, Seafood","2021","2021","kg","17.35","E","Estimated value"
"FBS","Food Balances (2010-)","178","Congo","645","Food supply quantity (kg/capita/yr)","S2960","Fish, Seafood","2021","2021","kg","23.13","E","Estimated value"
"FBS","Food Balances (2010-)","188","Costa Rica","645","Food supply quantity (kg/capita/yr)","S2960","Fish, Seafood","2021","2021","kg","17.66","E","Estimated value"
"FBS","Food Balances (2010-)","384","Côte d'Ivoire","645","Food supply quantity (kg/capita/yr)","S2960","Fish, Seafood","2021","2021","kg","21.47","E","Estimated value"
"FBS","Food Balances (2010-)","191","Croatia","645","Food supply quantity (kg/capita/yr)","S2960","Fish, Seafood","2021","2021","kg","20.19","E","Estimated value"
"FBS","Food Balances (2010-)","192","Cuba","645","Food supply quantity (kg/capita/yr)","S2960","Fish, Seafood","2021","2021","kg","6.1","E","Estimated value"
"FBS","Food Balances (2010-)","196","Cyprus","645","Food supply quantity (kg/capita/yr)","S2960","Fish, Seafood","2021","2021","kg","24.72","E","Estimated value"
"FBS","Food Balances (2010-)","203","Czechia","645","Food supply quantity (kg/capita/yr)","S2960","Fish, Seafood","2021","2021","kg","10.66","E","Estimated value"
"FBS","Food Balances (2010-)","408","Democratic People's Republic of Korea","645","Food supply quantity (kg/capita/yr)","S2960","Fish, Seafood","2021","2021","kg","11.51","E","Estimated value"
"FBS","Food Balances (2010-)","180","Democratic Republic of the Congo","645","Food supply quantity (kg/capita/yr)","S2960","Fish, Seafood","2021","2021","kg","3.9","E","Estimated value"
"FBS","Food Balances (2010-)","208","Denmark","645","Food supply quantity (kg/capita/yr)","S2960","Fish, Seafood","2021","2021","kg","22.92","E","Estimated value"
"FBS","Food Balances (2010-)","262","Djibouti","645","Food supply quantity (kg/capita/yr)","S2960","Fish, Seafood","2021","2021","kg","3.85","E","Estimated value"
"FBS","Food Balances (2010-)","212","Dominica","645","Food supply quantity (kg/capita/yr)","S2960","Fish, Seafood","2021","2021","kg","23.61","E","Estimated value"
"FBS","Food Balances (2010-)","214","Dominican Republic","645","Food supply quantity (kg/capita/yr)","S2960","Fish, Seafood","2021","2021","kg","8.29","E","Estimated value"
"FBS","Food Balances (2010-)","218","Ecuador","645","Food supply quantity (kg/capita/yr)","S2960","Fish, Seafood","2021","2021","kg","6.52","E","Estimated value"
"FBS","Food Balances (2010-)","818","Egypt","645","Food supply quantity (kg/capita/yr)","S2960","Fish, Seafood","2021","2021","kg","25.32","E","Estimated value"
"FBS","Food Balances (2010-)","222","El Salvador","645","Food supply quantity (kg/capita/yr)","S2960","Fish, Seafood","2021","2021","kg","7.21","E","Estimated value"
"FBS","Food Balances (2010-)","233","Estonia","645","Food supply quantity (kg/capita/yr)","S2960","Fish, Seafood","2021","2021","kg","13.07","E","Estimated value"
"FBS","Food Balances (2010-)","748","Eswatini","645","Food supply quantity (kg/capita/yr)","S2960","Fish, Seafood","2021","2021","kg","4.15","E","Estimated value"
"FBS","Food Balances (2010-)","231","Ethiopia","645","Food supply quantity (kg/capita/yr)","S2960","Fish, Seafood","2021","2021","kg","0.52","E","Estimated value"
"FBS","Food Balances (2010-)","242","Fiji","645","Food supply quantity (kg/capita/yr)","S2960","Fish, Seafood","2021","2021","kg","29.15","E","Estimated value"
"FBS","Food Balances (2010-)","246","Finland","645","Food supply quantity (kg/capita/yr)","S2960","Fish, Seafood","2021","2021","kg","31.86","E","Estimated value"
"FBS","Food Balances (2010-)","250","France","645","Food supply quantity (kg/capita/yr)","S2960","Fish, Seafood","2021","2021","kg","33.61","E","Estimated value"
"FBS","Food Balances (2010-)","258","French Polynesia","645","Food supply quantity (kg/capita/yr)","S2960","Fish, Seafood","2021","2021","kg","46.08","E","Estimated value"
"FBS","Food Balances (2010-)","266","Gabon","645","Food supply quantity (kg/capita/yr)","S2960","Fish, Seafood","2021","2021","kg","31.11","E","Estimated value"
"FBS","Food Balances (2010-)","270","Gambia","645","Food supply quantity (kg/capita/yr)","S2960","Fish, Seafood","2021","2021","kg","23.05","E","Estimated value"
"FBS","Food Balances (2010-)","268","Georgia","645","Food supply quantity (kg/capita/yr)","S2960","Fish, Seafood","2021","2021","kg","10.64","E","Estimated value"
"FBS","Food Balances (2010-)","276","Germany","645","Food supply quantity (kg/capita/yr)","S2960","Fish, Seafood","2021","2021","kg","13.15","E","Estimated value"
"FBS","Food Balances (2010-)","288","Ghana","645","Food supply quantity (kg/capita/yr)","S2960","Fish, Seafood","2021","2021","kg","23.6","E","Estimated value"
"FBS","Food Balances (2010-)","300","Greece","645","Food supply quantity (kg/capita/yr)","S2960","Fish, Seafood","2021","2021","kg","21.67","E","Estimated value"
"FBS","Food Balances (2010-)","308","Grenada","645","Food supply quantity (kg/capita/yr)","S2960","Fish, Seafood","2021","2021","kg","30.54","E","Estimated value"
"FBS","Food Balances (2010-)","320","Guatemala","645","Food supply quantity (kg/capita/yr)","S2960","Fish, Seafood","2021","2021","kg","3.43","E","Estimated value"
"FBS","Food Balances (2010-)","324","Guinea","645","Food supply quantity (kg/capita/yr)","S2960","Fish, Seafood","2021","2021","kg","10.93","E","Estimated value"
"FBS","Food Balances (2010-)","624","Guinea-Bissau","645","Food supply quantity (kg/capita/yr)","S2960","Fish, Seafood","2021","2021","kg","1.13","E","Estimated value"
"FBS","Food Balances (2010-)","328","Guyana","645","Food supply quantity (kg/capita/yr)","S2960","Fish, Seafood","2021","2021","kg","25.43","E","Estimated value"
"FBS","Food Balances (2010-)","332","Haiti","645","Food supply quantity (kg/capita/yr)","S2960","Fish, Seafood","2021","2021","kg","4.97","E","Estimated value"
"FBS","Food Balances (2010-)","340","Honduras","645","Food supply quantity (kg/capita/yr)","S2960","Fish, Seafood","2021","2021","kg","4.55","E","Estimated value"
"FBS","Food Balances (2010-)","348","Hungary","645","Food supply quantity (kg/capita/yr)","S2960","Fish, Seafood","2021","2021","kg","6.33","E","Estimated value"
"FBS","Food Balances (2010-)","352","Iceland","645","Food supply quantity (kg/capita/yr)","S2960","Fish, Seafood","2021","2021","kg","87.71","E","Estimated value"
"FBS","Food Balances (2010-)","356","India","645","Food supply quantity (kg/capita/yr)","S2960","Fish, Seafood","2021","2021","kg","7.96","E","Estimated value"
"FBS","Food Balances (2010-)","360","Indonesia","645","Food supply quantity (kg/capita/yr)","S2960","Fish, Seafood","2021","2021","kg","44.4","E","Estimated value"
"FBS","Food Balances (2010-)","364","Iran (Islamic Republic of)","645","Food supply quantity (kg/capita/yr)","S2960","Fish, Seafood","2021","2021","kg","12.06","E","Estimated value"
"FBS","Food Balances (2010-)","368","Iraq","645","Food supply quantity (kg/capita/yr)","S2960","Fish, Seafood","2021","2021","kg","3.32","E","Estimated value"
"FBS","Food Balances (2010-)","372","Ireland","645","Food supply quantity (kg/capita/yr)","S2960","Fish, Seafood","2021","2021","kg","20.08","E","Estimated value"
"FBS","Food Balances (2010-)","376","Israel","645","Food supply quantity (kg/capita/yr)","S2960","Fish, Seafood","2021","2021","kg","22.54","E","Estimated value"
"FBS","Food Balances (2010-)","380","Italy","645","Food supply quantity (kg/capita/yr)","S2960","Fish, Seafood","2021","2021","kg","29.52","E","Estimated value"
"FBS","Food Balances (2010-)","388","Jamaica","645","Food supply quantity (kg/capita/yr)","S2960","Fish, Seafood","2021","2021","kg","27.59","E","Estimated value"
"FBS","Food Balances (2010-)","392","Japan","645","Food supply quantity (kg/capita/yr)","S2960","Fish, Seafood","2021","2021","kg","45.12","E","Estimated value"
"FBS","Food Balances (2010-)","400","Jordan","645","Food supply quantity (kg/capita/yr)","S2960","Fish, Seafood","2021","2021","kg","4.74","E","Estimated value"
"FBS","Food Balances (2010-)","398","Kazakhstan","645","Food supply quantity (kg/capita/yr)","S2960","Fish, Seafood","2021","2021","kg","3.68","E","Estimated value"
"FBS","Food Balances (2010-)","404","Kenya","645","Food supply quantity (kg/capita/yr)","S2960","Fish, Seafood","2021","2021","kg","2.89","E","Estimated value"
"FBS","Food Balances (2010-)","296","Kiribati","645","Food supply quantity (kg/capita/yr)","S2960","Fish, Seafood","2021","2021","kg","74.33","E","Estimated value"
"FBS","Food Balances (2010-)","414","Kuwait","645","Food supply quantity (kg/capita/yr)","S2960","Fish, Seafood","2021","2021","kg","14.76","E","Estimated value"
"FBS","Food Balances (2010-)","417","Kyrgyzstan","645","Food supply quantity (kg/capita/yr)","S2960","Fish, Seafood","2021","2021","kg","0.86","E","Estimated value"
"FBS","Food Balances (2010-)","418","Lao People's Democratic Republic","645","Food supply quantity (kg/capita/yr)","S2960","Fish, Seafood","2021","2021","kg","25.56","E","Estimated value"
"FBS","Food Balances (2010-)","428","Latvia","645","Food supply quantity (kg/capita/yr)","S2960","Fish, Seafood","2021","2021","kg","24.6","E","Estimated value"
"FBS","Food Balances (2010-)","422","Lebanon","645","Food supply quantity (kg/capita/yr)","S2960","Fish, Seafood","2021","2021","kg","9.09","E","Estimated value"
"FBS","Food Balances (2010-)","426","Lesotho","645","Food supply quantity (kg/capita/yr)","S2960","Fish, Seafood","2021","2021","kg","2.82","E","Estimated value"
"FBS","Food Balances (2010-)","430","Liberia","645","Food supply quantity (kg/capita/yr)","S2960","Fish, Seafood","2021","2021","kg","4.18","E","Estimated value"
"FBS","Food Balances (2010-)","434","Libya","645","Food supply quantity (kg/capita/yr)","S2960","Fish, Seafood","2021","2021","kg","20.19","E","Estimated value"
"FBS","Food Balances (2010-)","440","Lithuania","645","Food supply quantity (kg/capita/yr)","S2960","Fish, Seafood","2021","2021","kg","29.2","E","Estimated value"
"FBS","Food Balances (2010-)","442","Luxembourg","645","Food supply quantity (kg/capita/yr)","S2960","Fish, Seafood","2021","2021","kg","31.65","E","Estimated value"
"FBS","Food Balances (2010-)","450","Madagascar","645","Food supply quantity (kg/capita/yr)","S2960","Fish, Seafood","2021","2021","kg","3.79","E","Estimated value"
"FBS","Food Balances (2010-)","454","Malawi","645","Food supply quantity (kg/capita/yr)","S2960","Fish, Seafood","2021","2021","kg","9.57","E","Estimated value"
"FBS","Food Balances (2010-)","458","Malaysia","645","Food supply quantity (kg/capita/yr)","S2960","Fish, Seafood","2021","2021","kg","52.74","E","Estimated value"
"FBS","Food Balances (2010-)","462","Maldives","645","Food supply quantity (kg/capita/yr)","S2960","Fish, Seafood","2021","2021","kg","80.43","E","Estimated value"
"FBS","Food Balances (2010-)","466","Mali","645","Food supply quantity (kg/capita/yr)","S2960","Fish, Seafood","2021","2021","kg","8.43","E","Estimated value"
"FBS","Food Balances (2010-)","470","Malta","645","Food supply quantity (kg/capita/yr)","S2960","Fish, Seafood","2021","2021","kg","30.74","E","Estimated value"
"FBS","Food Balances (2010-)","478","Mauritania","645","Food supply quantity (kg/capita/yr)","S2960","Fish, Seafood","2021","2021","kg","8.27","E","Estimated value"
"FBS","Food Balances (2010-)","480","Mauritius","645","Food supply quantity (kg/capita/yr)","S2960","Fish, Seafood","2021","2021","kg","28.83","E","Estimated value"
"FBS","Food Balances (2010-)","484","Mexico","645","Food supply quantity (kg/capita/yr)","S2960","Fish, Seafood","2021","2021","kg","13.87","E","Estimated value"
"FBS","Food Balances (2010-)","583","Micronesia (Federated States of)","645","Food supply quantity (kg/capita/yr)","S2960","Fish, Seafood","2021","2021","kg","48.17","E","Estimated value"
"FBS","Food Balances (2010-)","496","Mongolia","645","Food supply quantity (kg/capita/yr)","S2960","Fish, Seafood","2021","2021","kg","1.06","E","Estimated value"
"FBS","Food Balances (2010-)","499","Montenegro","645","Food supply quantity (kg/capita/yr)","S2960","Fish, Seafood","2021","2021","kg","15.58","E","Estimated value"
"FBS","Food Balances (2010-)","504","Morocco","645","Food supply quantity (kg/capita/yr)","S2960","Fish, Seafood","2021","2021","kg","18.33","E","Estimated value"
"FBS","Food Balances (2010-)","508","Mozambique","645","Food supply quantity (kg/capita/yr)","S2960","Fish, Seafood","2021","2021","kg","13.09","E","Estimated value"
"FBS","Food Balances (2010-)","104","Myanmar","645","Food supply quantity (kg/capita/yr)","S2960","Fish, Seafood","2021","2021","kg","40.6","E","Estimated value"
"FBS","Food Balances (2010-)","516","Namibia","645","Food supply quantity (kg/capita/yr)","S2960","Fish, Seafood","2021","2021","kg","11.33","E","Estimated value"
"FBS","Food Balances (2010-)","520","Nauru","645","Food supply quantity (kg/capita/yr)","S2960","Fish, Seafood","2021","2021","kg","44.14","E","Estimated value"
"FBS","Food Balances (2010-)","524","Nepal","645","Food supply quantity (kg/capita/yr)","S2960","Fish, Seafood","2021","2021","kg","3.41","E","Estimated value"
"FBS","Food Balances (2010-)","528","Netherlands (Kingdom of the)","645","Food supply quantity (kg/capita/yr)","S2960","Fish, Seafood","2021","2021","kg","19.73","E","Estimated value"
"FBS","Food Balances (2010-)","540","New Caledonia","645","Food supply quantity (kg/capita/yr)","S2960","Fish, Seafood","2021","2021","kg","22.92","E","Estimated value"
"FBS","Food Balances (2010-)","554","New Zealand","645","Food supply quantity (kg/capita/yr)","S2960","Fish, Seafood","2021","2021","kg","24.82","E","Estimated value"
"FBS","Food Balances (2010-)","558","Nicaragua","645","Food supply quantity (kg/capita/yr)","S2960","Fish, Seafood","2021","2021","kg","6.46","E","Estimated value"
"FBS","Food Balances (2010-)","562","Niger","645","Food supply quantity (kg/capita/yr)","S2960","Fish, Seafood","2021","2021","kg","1.78","E","Estimated value"
"FBS","Food Balances (2010-)","566","Nigeria","645","Food supply quantity (kg/capita/yr)","S2960","Fish, Seafood","2021","2021","kg","8.39","E","Estimated value"
"FBS","Food Balances (2010-)","807","North Macedonia","645","Food supply quantity (kg/capita/yr)","S2960","Fish, Seafood","2021","2021","kg","6.8","E","Estimated value"
"FBS","Food Balances (2010-)","578","Norway","645","Food supply quantity (kg/capita/yr)","S2960","Fish, Seafood","2021","2021","kg","50.16","E","Estimated value"
"FBS","Food Balances (2010-)","512","Oman","645","Food supply quantity (kg/capita/yr)","S2960","Fish, Seafood","2021","2021","kg","31.44","E","Estimated value"
"FBS","Food Balances (2010-)","586","Pakistan","645","Food supply quantity (kg/capita/yr)","S2960","Fish, Seafood","2021","2021","kg","1.44","E","Estimated value"
"FBS","Food Balances (2010-)","591","Panama","645","Food supply quantity (kg/capita/yr)","S2960","Fish, Seafood","2021","2021","kg","15.26","E","Estimated value"
"FBS","Food Balances (2010-)","598","Papua New Guinea","645","Food supply quantity (kg/capita/yr)","S2960","Fish, Seafood","2021","2021","kg","13.14","E","Estimated value"
"FBS","Food Balances (2010-)","600","Paraguay","645","Food supply quantity (kg/capita/yr)","S2960","Fish, Seafood","2021","2021","kg","5.02","E","Estimated value"
"FBS","Food Balances (2010-)","604","Peru","645","Food supply quantity (kg/capita/yr)","S2960","Fish, Seafood","2021","2021","kg","26.5","E","Estimated value"
"FBS","Food Balances (2010-)","608","Philippines","645","Food supply quantity (kg/capita/yr)","S2960","Fish, Seafood","2021","2021","kg","27.97","E","Estimated value"
"FBS","Food Balances (2010-)","616","Poland","645","Food supply quantity (kg/capita/yr)","S2960","Fish, Seafood","2021","2021","kg","11.28","E","Estimated value"
"FBS","Food Balances (2010-)","620","Portugal","645","Food supply quantity (kg/capita/yr)","S2960","Fish, Seafood","2021","2021","kg","59.41","E","Estimated value"
"FBS","Food Balances (2010-)","634","Qatar","645","Food supply quantity (kg/capita/yr)","S2960","Fish, Seafood","2021","2021","kg","24.41","E","Estimated value"
"FBS","Food Balances (2010-)","410","Republic of Korea","645","Food supply quantity (kg/capita/yr)","S2960","Fish, Seafood","2021","2021","kg","55.64","E","Estimated value"
"FBS","Food Balances (2010-)","498","Republic of Moldova","645","Food supply quantity (kg/capita/yr)","S2960","Fish, Seafood","2021","2021","kg","17.52","E","Estimated value"
"FBS","Food Balances (2010-)","642","Romania","645","Food supply quantity (kg/capita/yr)","S2960","Fish, Seafood","2021","2021","kg","8.09","E","Estimated value"
"FBS","Food Balances (2010-)","643","Russian Federation","645","Food supply quantity (kg/capita/yr)","S2960","Fish, Seafood","2021","2021","kg","21.84","E","Estimated value"
"FBS","Food Balances (2010-)","646","Rwanda","645","Food supply quantity (kg/capita/yr)","S2960","Fish, Seafood","2021","2021","kg","4.38","E","Estimated value"
"FBS","Food Balances (2010-)","659","Saint Kitts and Nevis","645","Food supply quantity (kg/capita/yr)","S2960","Fish, Seafood","2021","2021","kg","35.77","E","Estimated value"
"FBS","Food Balances (2010-)","662","Saint Lucia","645","Food supply quantity (kg/capita/yr)","S2960","Fish, Seafood","2021","2021","kg","33.47","E","Estimated value"
"FBS","Food Balances (2010-)","670","Saint Vincent and the Grenadines","645","Food supply quantity (kg/capita/yr)","S2960","Fish, Seafood","2021","2021","kg","19.53","E","Estimated value"
"FBS","Food Balances (2010-)","882","Samoa","645","Food supply quantity (kg/capita/yr)","S2960","Fish, Seafood","2021","2021","kg","44.2","E","Estimated value"
"FBS","Food Balances (2010-)","678","Sao Tome and Principe","645","Food supply quantity (kg/capita/yr)","S2960","Fish, Seafood","2021","2021","kg","26.53","E","Estimated value"
"FBS","Food Balances (2010-)","682","Saudi Arabia","645","Food supply quantity (kg/capita/yr)","S2960","Fish, Seafood","2021","2021","kg","11.37","E","Estimated value"
"FBS","Food Balances (2010-)","686","Senegal","645","Food supply quantity (kg/capita/yr)","S2960","Fish, Seafood","2021","2021","kg","16.89","E","Estimated value"
"FBS","Food Balances (2010-)","688","Serbia","645","Food supply quantity (kg/capita/yr)","S2960","Fish, Seafood","2021","2021","kg","8.03","E","Estimated value"
"FBS","Food Balances (2010-)","690","Seychelles","645","Food supply quantity (kg/capita/yr)","S2960","Fish, Seafood","2021","2021","kg","51.56","E","Estimated value"
"FBS","Food Balances (2010-)","694","Sierra Leone","645","Food supply quantity (kg/capita/yr)","S2960","Fish, Seafood","2021","2021","kg","24.15","E","Estimated value"
"FBS","Food Balances (2010-)","703","Slovakia","645","Food supply quantity (kg/capita/yr)","S2960","Fish, Seafood","2021","2021","kg","10.2","E","Estimated value"
"FBS","Food Balances (2010-)","705","Slovenia","645","Food supply quantity (kg/capita/yr)","S2960","Fish, Seafood","2021","2021","kg","12.96","E","Estimated value"
"FBS","Food Balances (2010-)","090","Solomon Islands","645","Food supply quantity (kg/capita/yr)","S2960","Fish, Seafood","2021","2021","kg","34.45","E","Estimated value"
"FBS","Food Balances (2010-)","710","South Africa","645","Food supply quantity (kg/capita/yr)","S2960","Fish, Seafood","2021","2021","kg","6.45","E","Estimated value"
"FBS","Food Balances (2010-)","728","South Sudan","645","Food supply quantity (kg/capita/yr)","S2960","Fish, Seafood","2021","2021","kg","3.04","E","Estimated value"
"FBS","Food Balances (2010-)","724","Spain","645","Food supply quantity (kg/capita/yr)","S2960","Fish, Seafood","2021","2021","kg","40.11","E","Estimated value"
"FBS","Food Balances (2010-)","144","Sri Lanka","645","Food supply quantity (kg/capita/yr)","S2960","Fish, Seafood","2021","2021","kg","29.21","E","Estimated value"
"FBS","Food Balances (2010-)","729","Sudan","645","Food supply quantity (kg/capita/yr)","S2960","Fish, Seafood","2021","2021","kg","1.11","E","Estimated value"
"FBS","Food Balances (2010-)","740","Suriname","645","Food supply quantity (kg/capita/yr)","S2960","Fish, Seafood","2021","2021","kg","17.11","E","Estimated value"
"FBS","Food Balances (2010-)","752","Sweden","645","Food supply quantity (kg/capita/yr)","S2960","Fish, Seafood","2021","2021","kg","30.87","E","Estimated value"
"FBS","Food Balances (2010-)","756","Switzerland","645","Food supply quantity (kg/capita/yr)","S2960","Fish, Seafood","2021","2021","kg","15.93","E","Estimated value"
"FBS","Food Balances (2010-)","760","Syrian Arab Republic","645","Food supply quantity (kg/capita/yr)","S2960","Fish, Seafood","2021","2021","kg","1.79","E","Estimated value"
"FBS","Food Balances (2010-)","762","Tajikistan","645","Food supply quantity (kg/capita/yr)","S2960","Fish, Seafood","2021","2021","kg","0.64","E","Estimated value"
"FBS","Food Balances (2010-)","764","Thailand","645","Food supply quantity (kg/capita/yr)","S2960","Fish, Seafood","2021","2021","kg","28.66","E","Estimated value"
"FBS","Food Balances (2010-)","626","Timor-Leste","645","Food supply quantity (kg/capita/yr)","S2960","Fish, Seafood","2021","2021","kg","6.41","E","Estimated value"
"FBS","Food Balances (2010-)","768","Togo","645","Food supply quantity (kg/capita/yr)","S2960","Fish, Seafood","2021","2021","kg","8.94","E","Estimated value"
"FBS","Food Balances (2010-)","780","Trinidad and Tobago","645","Food supply quantity (kg/capita/yr)","S2960","Fish, Seafood","2021","2021","kg","18.4","E","Estimated value"
"FBS","Food Balances (2010-)","788","Tunisia","645","Food supply quantity (kg/capita/yr)","S2960","Fish, Seafood","2021","2021","kg","13.13","E","Estimated value"
"FBS","Food Balances (2010-)","792","Türkiye","645","Food supply quantity (kg/capita/yr)","S2960","Fish, Seafood","2021","2021","kg","5.48","E","Estimated value"
"FBS","Food Balances (2010-)","795","Turkmenistan","645","Food supply quantity (kg/capita/yr)","S2960","Fish, Seafood","2021","2021","kg","2.51","E","Estimated value"
"FBS","Food Balances (2010-)","800","Uganda","645","Food supply quantity (kg/capita/yr)","S2960","Fish, Seafood","2021","2021","kg","14.3","E","Estimated value"
"FBS","Food Balances (2010-)","804","Ukraine","645","Food supply quantity (kg/capita/yr)","S2960","Fish, Seafood","2021","2021","kg","13.8","E","Estimated value"
"FBS","Food Balances (2010-)","784","United Arab Emirates","645","Food supply quantity (kg/capita/yr)","S2960","Fish, Seafood","2021","2021","kg","26.26","E","Estimated value"
"FBS","Food Balances (2010-)","826","United Kingdom of Great Britain and Northern Ireland","645","Food supply quantity (kg/capita/yr)","S2960","Fish, Seafood","2021","2021","kg","18.07","E","Estimated value"
"FBS","Food Balances (2010-)","834","United Republic of Tanzania","645","Food supply quantity (kg/capita/yr)","S2960","Fish, Seafood","2021","2021","kg","6.7","E","Estimated value"
"FBS","Food Balances (2010-)","840","United States of America","645","Food supply quantity (kg/capita/yr)","S2960","Fish, Seafood","2021","2021","kg","22.36","E","Estimated value"
"FBS","Food Balances (2010-)","858","Uruguay","645","Food supply quantity (kg/capita/yr)","S2960","Fish, Seafood","2021","2021","kg","9.23","E","Estimated value"
"FBS","Food Balances (2010-)","860","Uzbekistan","645","Food supply quantity (kg/capita/yr)","S2960","Fish, Seafood","2021","2021","kg","3.96","E","Estimated value"
"FBS","Food Balances (2010-)","548","Vanuatu","645","Food supply quantity (kg/capita/yr)","S2960","Fish, Seafood","2021","2021","kg","30.16","E","Estimated value"
"FBS","Food Balances (2010-)","862","Venezuela (Bolivarian Republic of)","645","Food supply quantity (kg/capita/yr)","S2960","Fish, Seafood","2021","2021","kg","10.29","E","Estimated value"
"FBS","Food Balances (2010-)","704","Viet Nam","645","Food supply quantity (kg/capita/yr)","S2960","Fish, Seafood","2021","2021","kg","39.5","E","Estimated value"
"FBS","Food Balances (2010-)","887","Yemen","645","Food supply quantity (kg/capita/yr)","S2960","Fish, Seafood","2021","2021","kg","2.55","E","Estimated value"
"FBS","Food Balances (2010-)","894","Zambia","645","Food supply quantity (kg/capita/yr)","S2960","Fish, Seafood","2021","2021","kg","12.33","E","Estimated value"
"FBS","Food Balances (2010-)","716","Zimbabwe","645","Food supply quantity (kg/capita/yr)","S2960","Fish, Seafood","2021","2021","kg","1.94","E","Estimated value"
